"","workerid","item","evidence_type","freq","response","worker_score","language"
"2",0,"fish_slider","full",50,"must",14,""
"3",0,"fish_slider","report",50,"might",14,""
"4",0,"fish_slider","direct",50,"must",14,""
"5",0,"fish_slider","indirect",50,"might",14,""
"7",0,"bird_slider","full",100,"bare",14,""
"8",0,"bird_slider","direct",100,"bare",14,""
"9",0,"bird_slider","indirect",100,"might",14,""
"10",0,"bird_slider","report",100,"might",14,""
"12",0,"bug_slider","direct",75,"bare",14,""
"13",0,"bug_slider","full",75,"bare",14,""
"14",0,"bug_slider","report",75,"might",14,""
"15",0,"bug_slider","indirect",75,"might",14,""
"17",0,"flower_slider","direct",25,"bare",14,""
"18",0,"flower_slider","report",25,"might",14,""
"19",0,"flower_slider","full",25,"bare",14,""
"20",0,"flower_slider","indirect",25,"might",14,""
"22",1,"bug_slider","report",100,"might",12,"English"
"23",1,"bug_slider","direct",100,"bare",12,"English"
"24",1,"bug_slider","indirect",100,"bare",12,"English"
"25",1,"bug_slider","full",100,"must",12,"English"
"27",1,"bird_slider","indirect",50,"might",12,"English"
"28",1,"bird_slider","full",50,"must",12,"English"
"29",1,"bird_slider","report",50,"might",12,"English"
"30",1,"bird_slider","direct",50,"might",12,"English"
"32",1,"flower_slider","report",75,"might",12,"English"
"33",1,"flower_slider","indirect",75,"might",12,"English"
"34",1,"flower_slider","full",75,"must",12,"English"
"35",1,"flower_slider","direct",75,"must",12,"English"
"37",1,"fish_slider","indirect",25,"might",12,"English"
"38",1,"fish_slider","report",25,"might",12,"English"
"39",1,"fish_slider","full",25,"might",12,"English"
"40",1,"fish_slider","direct",25,"might",12,"English"
"42",2,"flower_slider","full",25,"must",16,"English"
"43",2,"flower_slider","direct",25,"bare",16,"English"
"44",2,"flower_slider","indirect",25,"might",16,"English"
"45",2,"flower_slider","report",25,"might",16,"English"
"47",2,"bug_slider","indirect",100,"might",16,"English"
"48",2,"bug_slider","full",100,"bare",16,"English"
"49",2,"bug_slider","report",100,"might",16,"English"
"50",2,"bug_slider","direct",100,"bare",16,"English"
"52",2,"fish_slider","indirect",75,"might",16,"English"
"53",2,"fish_slider","report",75,"might",16,"English"
"54",2,"fish_slider","full",75,"bare",16,"English"
"55",2,"fish_slider","direct",75,"bare",16,"English"
"57",2,"bird_slider","indirect",50,"might",16,"English"
"58",2,"bird_slider","full",50,"must",16,"English"
"59",2,"bird_slider","direct",50,"bare",16,"English"
"60",2,"bird_slider","report",50,"might",16,"English"
"62",3,"flower_slider","direct",50,"must",13,"English"
"63",3,"flower_slider","full",50,"bare",13,"English"
"64",3,"flower_slider","indirect",50,"might",13,"English"
"65",3,"flower_slider","report",50,"might",13,"English"
"67",3,"fish_slider","report",75,"might",13,"English"
"68",3,"fish_slider","full",75,"bare",13,"English"
"69",3,"fish_slider","direct",75,"might",13,"English"
"70",3,"fish_slider","indirect",75,"might",13,"English"
"72",3,"bug_slider","full",25,"bare",13,"English"
"73",3,"bug_slider","indirect",25,"might",13,"English"
"74",3,"bug_slider","report",25,"might",13,"English"
"75",3,"bug_slider","direct",25,"might",13,"English"
"77",3,"bird_slider","direct",100,"bare",13,"English"
"78",3,"bird_slider","full",100,"bare",13,"English"
"79",3,"bird_slider","indirect",100,"might",13,"English"
"80",3,"bird_slider","report",100,"might",13,"English"
"82",4,"bird_slider","full",50,"bare",16,"english"
"83",4,"bird_slider","indirect",50,"might",16,"english"
"84",4,"bird_slider","direct",50,"bare",16,"english"
"85",4,"bird_slider","report",50,"might",16,"english"
"87",4,"flower_slider","direct",75,"bare",16,"english"
"88",4,"flower_slider","full",75,"bare",16,"english"
"89",4,"flower_slider","report",75,"might",16,"english"
"90",4,"flower_slider","indirect",75,"might",16,"english"
"92",4,"fish_slider","indirect",25,"might",16,"english"
"93",4,"fish_slider","report",25,"might",16,"english"
"94",4,"fish_slider","full",25,"bare",16,"english"
"95",4,"fish_slider","direct",25,"bare",16,"english"
"97",4,"bug_slider","direct",100,"bare",16,"english"
"98",4,"bug_slider","full",100,"bare",16,"english"
"99",4,"bug_slider","indirect",100,"might",16,"english"
"100",4,"bug_slider","report",100,"might",16,"english"
"102",5,"bird_slider","full",25,"bare",16,"ENGLISH"
"103",5,"bird_slider","indirect",25,"might",16,"ENGLISH"
"104",5,"bird_slider","direct",25,"must",16,"ENGLISH"
"105",5,"bird_slider","report",25,"might",16,"ENGLISH"
"107",5,"fish_slider","direct",50,"might",16,"ENGLISH"
"108",5,"fish_slider","indirect",50,"must",16,"ENGLISH"
"109",5,"fish_slider","full",50,"might",16,"ENGLISH"
"110",5,"fish_slider","report",50,"might",16,"ENGLISH"
"112",5,"flower_slider","indirect",100,"might",16,"ENGLISH"
"113",5,"flower_slider","report",100,"might",16,"ENGLISH"
"114",5,"flower_slider","full",100,"bare",16,"ENGLISH"
"115",5,"flower_slider","direct",100,"bare",16,"ENGLISH"
"117",5,"bug_slider","indirect",75,"might",16,"ENGLISH"
"118",5,"bug_slider","direct",75,"bare",16,"ENGLISH"
"119",5,"bug_slider","full",75,"bare",16,"ENGLISH"
"120",5,"bug_slider","report",75,"might",16,"ENGLISH"
"122",6,"bird_slider","report",50,"might",12,"english"
"123",6,"bird_slider","full",50,"bare",12,"english"
"124",6,"bird_slider","indirect",50,"might",12,"english"
"125",6,"bird_slider","direct",50,"might",12,"english"
"127",6,"fish_slider","indirect",25,"might",12,"english"
"128",6,"fish_slider","full",25,"must",12,"english"
"129",6,"fish_slider","direct",25,"might",12,"english"
"130",6,"fish_slider","report",25,"bare",12,"english"
"132",6,"bug_slider","full",75,"must",12,"english"
"133",6,"bug_slider","indirect",75,"must",12,"english"
"134",6,"bug_slider","report",75,"must",12,"english"
"135",6,"bug_slider","direct",75,"might",12,"english"
"137",6,"flower_slider","report",100,"bare",12,"english"
"138",6,"flower_slider","full",100,"must",12,"english"
"139",6,"flower_slider","indirect",100,"might",12,"english"
"140",6,"flower_slider","direct",100,"must",12,"english"
"142",7,"fish_slider","indirect",25,"might",16,"English"
"143",7,"fish_slider","full",25,"might",16,"English"
"144",7,"fish_slider","report",25,"might",16,"English"
"145",7,"fish_slider","direct",25,"must",16,"English"
"147",7,"bird_slider","indirect",50,"might",16,"English"
"148",7,"bird_slider","direct",50,"bare",16,"English"
"149",7,"bird_slider","report",50,"might",16,"English"
"150",7,"bird_slider","full",50,"bare",16,"English"
"152",7,"bug_slider","direct",75,"bare",16,"English"
"153",7,"bug_slider","report",75,"might",16,"English"
"154",7,"bug_slider","full",75,"bare",16,"English"
"155",7,"bug_slider","indirect",75,"might",16,"English"
"157",7,"flower_slider","report",100,"might",16,"English"
"158",7,"flower_slider","direct",100,"bare",16,"English"
"159",7,"flower_slider","indirect",100,"might",16,"English"
"160",7,"flower_slider","full",100,"bare",16,"English"
"162",8,"bird_slider","direct",100,"might",14,"English"
"163",8,"bird_slider","indirect",100,"might",14,"English"
"164",8,"bird_slider","full",100,"bare",14,"English"
"165",8,"bird_slider","report",100,"must",14,"English"
"167",8,"flower_slider","full",75,"must",14,"English"
"168",8,"flower_slider","direct",75,"must",14,"English"
"169",8,"flower_slider","report",75,"bare",14,"English"
"170",8,"flower_slider","indirect",75,"might",14,"English"
"172",8,"bug_slider","direct",25,"bare",14,"English"
"173",8,"bug_slider","indirect",25,"might",14,"English"
"174",8,"bug_slider","report",25,"might",14,"English"
"175",8,"bug_slider","full",25,"bare",14,"English"
"177",8,"fish_slider","full",50,"might",14,"English"
"178",8,"fish_slider","report",50,"might",14,"English"
"179",8,"fish_slider","direct",50,"bare",14,"English"
"180",8,"fish_slider","indirect",50,"might",14,"English"
"182",9,"bug_slider","full",100,"must",16,"English"
"183",9,"bug_slider","report",100,"might",16,"English"
"184",9,"bug_slider","direct",100,"bare",16,"English"
"185",9,"bug_slider","indirect",100,"must",16,"English"
"187",9,"bird_slider","direct",25,"bare",16,"English"
"188",9,"bird_slider","indirect",25,"might",16,"English"
"189",9,"bird_slider","report",25,"might",16,"English"
"190",9,"bird_slider","full",25,"bare",16,"English"
"192",9,"flower_slider","report",75,"might",16,"English"
"193",9,"flower_slider","direct",75,"bare",16,"English"
"194",9,"flower_slider","full",75,"might",16,"English"
"195",9,"flower_slider","indirect",75,"might",16,"English"
"197",9,"fish_slider","indirect",50,"might",16,"English"
"198",9,"fish_slider","direct",50,"bare",16,"English"
"199",9,"fish_slider","full",50,"might",16,"English"
"200",9,"fish_slider","report",50,"might",16,"English"
"202",10,"flower_slider","report",25,"must",16,"English"
"203",10,"flower_slider","full",25,"bare",16,"English"
"204",10,"flower_slider","direct",25,"bare",16,"English"
"205",10,"flower_slider","indirect",25,"might",16,"English"
"207",10,"fish_slider","report",50,"might",16,"English"
"208",10,"fish_slider","full",50,"might",16,"English"
"209",10,"fish_slider","direct",50,"must",16,"English"
"210",10,"fish_slider","indirect",50,"might",16,"English"
"212",10,"bug_slider","report",75,"might",16,"English"
"213",10,"bug_slider","full",75,"bare",16,"English"
"214",10,"bug_slider","indirect",75,"might",16,"English"
"215",10,"bug_slider","direct",75,"bare",16,"English"
"217",10,"bird_slider","report",100,"might",16,"English"
"218",10,"bird_slider","full",100,"must",16,"English"
"219",10,"bird_slider","indirect",100,"might",16,"English"
"220",10,"bird_slider","direct",100,"must",16,"English"
"222",11,"flower_slider","direct",50,"must",15,"English"
"223",11,"flower_slider","indirect",50,"might",15,"English"
"224",11,"flower_slider","report",50,"bare",15,"English"
"225",11,"flower_slider","full",50,"bare",15,"English"
"227",11,"bird_slider","report",100,"bare",15,"English"
"228",11,"bird_slider","indirect",100,"might",15,"English"
"229",11,"bird_slider","direct",100,"must",15,"English"
"230",11,"bird_slider","full",100,"bare",15,"English"
"232",11,"bug_slider","full",25,"bare",15,"English"
"233",11,"bug_slider","direct",25,"must",15,"English"
"234",11,"bug_slider","report",25,"bare",15,"English"
"235",11,"bug_slider","indirect",25,"might",15,"English"
"237",11,"fish_slider","full",75,"bare",15,"English"
"238",11,"fish_slider","indirect",75,"might",15,"English"
"239",11,"fish_slider","report",75,"bare",15,"English"
"240",11,"fish_slider","direct",75,"must",15,"English"
"242",12,"bug_slider","full",100,"bare",15,"English"
"243",12,"bug_slider","report",100,"must",15,"English"
"244",12,"bug_slider","indirect",100,"might",15,"English"
"245",12,"bug_slider","direct",100,"bare",15,"English"
"247",12,"flower_slider","indirect",50,"might",15,"English"
"248",12,"flower_slider","direct",50,"bare",15,"English"
"249",12,"flower_slider","report",50,"might",15,"English"
"250",12,"flower_slider","full",50,"bare",15,"English"
"252",12,"bird_slider","direct",25,"bare",15,"English"
"253",12,"bird_slider","full",25,"bare",15,"English"
"254",12,"bird_slider","indirect",25,"might",15,"English"
"255",12,"bird_slider","report",25,"might",15,"English"
"257",12,"fish_slider","direct",75,"bare",15,"English"
"258",12,"fish_slider","indirect",75,"might",15,"English"
"259",12,"fish_slider","report",75,"might",15,"English"
"260",12,"fish_slider","full",75,"bare",15,"English"
"262",13,"bird_slider","indirect",75,"might",16,"ENGLISH"
"263",13,"bird_slider","direct",75,"must",16,"ENGLISH"
"264",13,"bird_slider","full",75,"bare",16,"ENGLISH"
"265",13,"bird_slider","report",75,"must",16,"ENGLISH"
"267",13,"flower_slider","indirect",25,"might",16,"ENGLISH"
"268",13,"flower_slider","direct",25,"must",16,"ENGLISH"
"269",13,"flower_slider","full",25,"bare",16,"ENGLISH"
"270",13,"flower_slider","report",25,"must",16,"ENGLISH"
"272",13,"fish_slider","indirect",100,"bare",16,"ENGLISH"
"273",13,"fish_slider","full",100,"bare",16,"ENGLISH"
"274",13,"fish_slider","direct",100,"might",16,"ENGLISH"
"275",13,"fish_slider","report",100,"must",16,"ENGLISH"
"277",13,"bug_slider","direct",50,"bare",16,"ENGLISH"
"278",13,"bug_slider","indirect",50,"might",16,"ENGLISH"
"279",13,"bug_slider","report",50,"bare",16,"ENGLISH"
"280",13,"bug_slider","full",50,"bare",16,"ENGLISH"
"282",14,"fish_slider","report",25,"might",15,"English"
"283",14,"fish_slider","direct",25,"must",15,"English"
"284",14,"fish_slider","full",25,"might",15,"English"
"285",14,"fish_slider","indirect",25,"might",15,"English"
"287",14,"bird_slider","report",75,"must",15,"English"
"288",14,"bird_slider","direct",75,"must",15,"English"
"289",14,"bird_slider","indirect",75,"might",15,"English"
"290",14,"bird_slider","full",75,"must",15,"English"
"292",14,"flower_slider","direct",50,"must",15,"English"
"293",14,"flower_slider","indirect",50,"might",15,"English"
"294",14,"flower_slider","report",50,"might",15,"English"
"295",14,"flower_slider","full",50,"must",15,"English"
"297",14,"bug_slider","full",100,"must",15,"English"
"298",14,"bug_slider","direct",100,"must",15,"English"
"299",14,"bug_slider","indirect",100,"might",15,"English"
"300",14,"bug_slider","report",100,"might",15,"English"
"302",15,"fish_slider","full",25,"might",16,"english"
"303",15,"fish_slider","indirect",25,"might",16,"english"
"304",15,"fish_slider","report",25,"might",16,"english"
"305",15,"fish_slider","direct",25,"might",16,"english"
"307",15,"bird_slider","indirect",50,"might",16,"english"
"308",15,"bird_slider","direct",50,"must",16,"english"
"309",15,"bird_slider","full",50,"bare",16,"english"
"310",15,"bird_slider","report",50,"might",16,"english"
"312",15,"bug_slider","indirect",100,"might",16,"english"
"313",15,"bug_slider","full",100,"bare",16,"english"
"314",15,"bug_slider","report",100,"might",16,"english"
"315",15,"bug_slider","direct",100,"must",16,"english"
"317",15,"flower_slider","direct",75,"might",16,"english"
"318",15,"flower_slider","indirect",75,"might",16,"english"
"319",15,"flower_slider","report",75,"might",16,"english"
"320",15,"flower_slider","full",75,"might",16,"english"
"322",16,"bird_slider","indirect",50,"might",15,"english"
"323",16,"bird_slider","report",50,"might",15,"english"
"324",16,"bird_slider","direct",50,"must",15,"english"
"325",16,"bird_slider","full",50,"must",15,"english"
"327",16,"flower_slider","direct",75,"might",15,"english"
"328",16,"flower_slider","indirect",75,"might",15,"english"
"329",16,"flower_slider","full",75,"might",15,"english"
"330",16,"flower_slider","report",75,"might",15,"english"
"332",16,"fish_slider","direct",25,"must",15,"english"
"333",16,"fish_slider","full",25,"might",15,"english"
"334",16,"fish_slider","report",25,"must",15,"english"
"335",16,"fish_slider","indirect",25,"might",15,"english"
"337",16,"bug_slider","direct",100,"might",15,"english"
"338",16,"bug_slider","full",100,"bare",15,"english"
"339",16,"bug_slider","indirect",100,"might",15,"english"
"340",16,"bug_slider","report",100,"must",15,"english"
"342",17,"fish_slider","indirect",50,"might",16,"English"
"343",17,"fish_slider","direct",50,"bare",16,"English"
"344",17,"fish_slider","full",50,"bare",16,"English"
"345",17,"fish_slider","report",50,"might",16,"English"
"347",17,"bug_slider","report",25,"might",16,"English"
"348",17,"bug_slider","indirect",25,"might",16,"English"
"349",17,"bug_slider","direct",25,"might",16,"English"
"350",17,"bug_slider","full",25,"bare",16,"English"
"352",17,"bird_slider","direct",75,"bare",16,"English"
"353",17,"bird_slider","report",75,"might",16,"English"
"354",17,"bird_slider","indirect",75,"might",16,"English"
"355",17,"bird_slider","full",75,"bare",16,"English"
"357",17,"flower_slider","full",100,"bare",16,"English"
"358",17,"flower_slider","indirect",100,"might",16,"English"
"359",17,"flower_slider","report",100,"might",16,"English"
"360",17,"flower_slider","direct",100,"must",16,"English"
"362",18,"fish_slider","indirect",25,"might",16,"english"
"363",18,"fish_slider","full",25,"might",16,"english"
"364",18,"fish_slider","report",25,"might",16,"english"
"365",18,"fish_slider","direct",25,"bare",16,"english"
"367",18,"bug_slider","indirect",75,"must",16,"english"
"368",18,"bug_slider","full",75,"bare",16,"english"
"369",18,"bug_slider","direct",75,"might",16,"english"
"370",18,"bug_slider","report",75,"bare",16,"english"
"372",18,"flower_slider","indirect",50,"might",16,"english"
"373",18,"flower_slider","report",50,"might",16,"english"
"374",18,"flower_slider","full",50,"bare",16,"english"
"375",18,"flower_slider","direct",50,"bare",16,"english"
"377",18,"bird_slider","report",100,"bare",16,"english"
"378",18,"bird_slider","indirect",100,"bare",16,"english"
"379",18,"bird_slider","direct",100,"bare",16,"english"
"380",18,"bird_slider","full",100,"bare",16,"english"
"382",19,"bug_slider","indirect",100,"must",16,"English"
"383",19,"bug_slider","report",100,"might",16,"English"
"384",19,"bug_slider","full",100,"bare",16,"English"
"385",19,"bug_slider","direct",100,"bare",16,"English"
"387",19,"fish_slider","full",75,"bare",16,"English"
"388",19,"fish_slider","indirect",75,"might",16,"English"
"389",19,"fish_slider","direct",75,"bare",16,"English"
"390",19,"fish_slider","report",75,"might",16,"English"
"392",19,"bird_slider","direct",25,"bare",16,"English"
"393",19,"bird_slider","indirect",25,"might",16,"English"
"394",19,"bird_slider","report",25,"must",16,"English"
"395",19,"bird_slider","full",25,"bare",16,"English"
"397",19,"flower_slider","report",50,"might",16,"English"
"398",19,"flower_slider","full",50,"bare",16,"English"
"399",19,"flower_slider","indirect",50,"might",16,"English"
"400",19,"flower_slider","direct",50,"bare",16,"English"
"402",20,"flower_slider","indirect",50,"might",16,"English"
"403",20,"flower_slider","direct",50,"must",16,"English"
"404",20,"flower_slider","full",50,"must",16,"English"
"405",20,"flower_slider","report",50,"might",16,"English"
"407",20,"fish_slider","full",100,"must",16,"English"
"408",20,"fish_slider","direct",100,"must",16,"English"
"409",20,"fish_slider","indirect",100,"might",16,"English"
"410",20,"fish_slider","report",100,"might",16,"English"
"412",20,"bug_slider","report",75,"might",16,"English"
"413",20,"bug_slider","indirect",75,"might",16,"English"
"414",20,"bug_slider","direct",75,"must",16,"English"
"415",20,"bug_slider","full",75,"must",16,"English"
"417",20,"bird_slider","report",25,"might",16,"English"
"418",20,"bird_slider","direct",25,"must",16,"English"
"419",20,"bird_slider","full",25,"must",16,"English"
"420",20,"bird_slider","indirect",25,"might",16,"English"
"422",21,"bug_slider","direct",50,"must",15,"English"
"423",21,"bug_slider","indirect",50,"might",15,"English"
"424",21,"bug_slider","report",50,"might",15,"English"
"425",21,"bug_slider","full",50,"must",15,"English"
"427",21,"flower_slider","direct",75,"might",15,"English"
"428",21,"flower_slider","full",75,"bare",15,"English"
"429",21,"flower_slider","report",75,"might",15,"English"
"430",21,"flower_slider","indirect",75,"might",15,"English"
"432",21,"bird_slider","full",100,"bare",15,"English"
"433",21,"bird_slider","indirect",100,"might",15,"English"
"434",21,"bird_slider","direct",100,"bare",15,"English"
"435",21,"bird_slider","report",100,"bare",15,"English"
"437",21,"fish_slider","report",25,"bare",15,"English"
"438",21,"fish_slider","direct",25,"bare",15,"English"
"439",21,"fish_slider","full",25,"might",15,"English"
"440",21,"fish_slider","indirect",25,"might",15,"English"
"442",22,"fish_slider","indirect",50,"might",16,"English"
"443",22,"fish_slider","full",50,"might",16,"English"
"444",22,"fish_slider","direct",50,"must",16,"English"
"445",22,"fish_slider","report",50,"might",16,"English"
"447",22,"bird_slider","direct",100,"must",16,"English"
"448",22,"bird_slider","full",100,"bare",16,"English"
"449",22,"bird_slider","report",100,"might",16,"English"
"450",22,"bird_slider","indirect",100,"might",16,"English"
"452",22,"flower_slider","report",75,"might",16,"English"
"453",22,"flower_slider","full",75,"might",16,"English"
"454",22,"flower_slider","indirect",75,"might",16,"English"
"455",22,"flower_slider","direct",75,"might",16,"English"
"457",22,"bug_slider","direct",25,"bare",16,"English"
"458",22,"bug_slider","full",25,"bare",16,"English"
"459",22,"bug_slider","report",25,"might",16,"English"
"460",22,"bug_slider","indirect",25,"might",16,"English"
"462",23,"bug_slider","indirect",75,"might",15,"English"
"463",23,"bug_slider","direct",75,"must",15,"English"
"464",23,"bug_slider","full",75,"bare",15,"English"
"465",23,"bug_slider","report",75,"might",15,"English"
"467",23,"fish_slider","full",25,"might",15,"English"
"468",23,"fish_slider","indirect",25,"might",15,"English"
"469",23,"fish_slider","direct",25,"bare",15,"English"
"470",23,"fish_slider","report",25,"might",15,"English"
"472",23,"bird_slider","report",50,"might",15,"English"
"473",23,"bird_slider","indirect",50,"might",15,"English"
"474",23,"bird_slider","direct",50,"must",15,"English"
"475",23,"bird_slider","full",50,"must",15,"English"
"477",23,"flower_slider","indirect",100,"might",15,"English"
"478",23,"flower_slider","direct",100,"must",15,"English"
"479",23,"flower_slider","full",100,"must",15,"English"
"480",23,"flower_slider","report",100,"might",15,"English"
"482",24,"flower_slider","direct",100,"bare",16,"english"
"483",24,"flower_slider","report",100,"bare",16,"english"
"484",24,"flower_slider","full",100,"bare",16,"english"
"485",24,"flower_slider","indirect",100,"might",16,"english"
"487",24,"fish_slider","full",75,"bare",16,"english"
"488",24,"fish_slider","indirect",75,"might",16,"english"
"489",24,"fish_slider","direct",75,"must",16,"english"
"490",24,"fish_slider","report",75,"bare",16,"english"
"492",24,"bug_slider","indirect",25,"might",16,"english"
"493",24,"bug_slider","full",25,"bare",16,"english"
"494",24,"bug_slider","direct",25,"bare",16,"english"
"495",24,"bug_slider","report",25,"bare",16,"english"
"497",24,"bird_slider","report",50,"bare",16,"english"
"498",24,"bird_slider","full",50,"bare",16,"english"
"499",24,"bird_slider","direct",50,"bare",16,"english"
"500",24,"bird_slider","indirect",50,"might",16,"english"
"502",25,"fish_slider","report",25,"might",15,"english"
"503",25,"fish_slider","direct",25,"bare",15,"english"
"504",25,"fish_slider","indirect",25,"might",15,"english"
"505",25,"fish_slider","full",25,"bare",15,"english"
"507",25,"bird_slider","full",100,"bare",15,"english"
"508",25,"bird_slider","indirect",100,"might",15,"english"
"509",25,"bird_slider","direct",100,"bare",15,"english"
"510",25,"bird_slider","report",100,"might",15,"english"
"512",25,"flower_slider","direct",50,"might",15,"english"
"513",25,"flower_slider","indirect",50,"might",15,"english"
"514",25,"flower_slider","report",50,"might",15,"english"
"515",25,"flower_slider","full",50,"bare",15,"english"
"517",25,"bug_slider","full",75,"bare",15,"english"
"518",25,"bug_slider","report",75,"might",15,"english"
"519",25,"bug_slider","direct",75,"bare",15,"english"
"520",25,"bug_slider","indirect",75,"might",15,"english"
"522",26,"bird_slider","indirect",75,"might",16,"english"
"523",26,"bird_slider","direct",75,"bare",16,"english"
"524",26,"bird_slider","full",75,"bare",16,"english"
"525",26,"bird_slider","report",75,"might",16,"english"
"527",26,"bug_slider","indirect",50,"might",16,"english"
"528",26,"bug_slider","direct",50,"bare",16,"english"
"529",26,"bug_slider","full",50,"bare",16,"english"
"530",26,"bug_slider","report",50,"might",16,"english"
"532",26,"fish_slider","full",100,"bare",16,"english"
"533",26,"fish_slider","report",100,"might",16,"english"
"534",26,"fish_slider","direct",100,"bare",16,"english"
"535",26,"fish_slider","indirect",100,"might",16,"english"
"537",26,"flower_slider","full",25,"bare",16,"english"
"538",26,"flower_slider","indirect",25,"might",16,"english"
"539",26,"flower_slider","direct",25,"bare",16,"english"
"540",26,"flower_slider","report",25,"might",16,"english"
"542",27,"bug_slider","report",50,"might",16,"English"
"543",27,"bug_slider","full",50,"bare",16,"English"
"544",27,"bug_slider","direct",50,"bare",16,"English"
"545",27,"bug_slider","indirect",50,"might",16,"English"
"547",27,"flower_slider","full",25,"bare",16,"English"
"548",27,"flower_slider","report",25,"must",16,"English"
"549",27,"flower_slider","indirect",25,"might",16,"English"
"550",27,"flower_slider","direct",25,"must",16,"English"
"552",27,"fish_slider","direct",100,"must",16,"English"
"553",27,"fish_slider","report",100,"might",16,"English"
"554",27,"fish_slider","full",100,"might",16,"English"
"555",27,"fish_slider","indirect",100,"might",16,"English"
"557",27,"bird_slider","full",75,"bare",16,"English"
"558",27,"bird_slider","indirect",75,"might",16,"English"
"559",27,"bird_slider","report",75,"might",16,"English"
"560",27,"bird_slider","direct",75,"bare",16,"English"
"562",28,"flower_slider","report",25,"must",16,"English"
"563",28,"flower_slider","direct",25,"bare",16,"English"
"564",28,"flower_slider","full",25,"bare",16,"English"
"565",28,"flower_slider","indirect",25,"might",16,"English"
"567",28,"fish_slider","direct",50,"bare",16,"English"
"568",28,"fish_slider","report",50,"might",16,"English"
"569",28,"fish_slider","full",50,"bare",16,"English"
"570",28,"fish_slider","indirect",50,"might",16,"English"
"572",28,"bird_slider","direct",100,"bare",16,"English"
"573",28,"bird_slider","indirect",100,"might",16,"English"
"574",28,"bird_slider","report",100,"might",16,"English"
"575",28,"bird_slider","full",100,"bare",16,"English"
"577",28,"bug_slider","report",75,"might",16,"English"
"578",28,"bug_slider","full",75,"bare",16,"English"
"579",28,"bug_slider","direct",75,"bare",16,"English"
"580",28,"bug_slider","indirect",75,"might",16,"English"
"582",29,"flower_slider","report",100,"might",16,"english"
"583",29,"flower_slider","direct",100,"bare",16,"english"
"584",29,"flower_slider","full",100,"bare",16,"english"
"585",29,"flower_slider","indirect",100,"might",16,"english"
"587",29,"bird_slider","full",25,"bare",16,"english"
"588",29,"bird_slider","report",25,"might",16,"english"
"589",29,"bird_slider","indirect",25,"might",16,"english"
"590",29,"bird_slider","direct",25,"bare",16,"english"
"592",29,"bug_slider","indirect",75,"might",16,"english"
"593",29,"bug_slider","full",75,"bare",16,"english"
"594",29,"bug_slider","report",75,"might",16,"english"
"595",29,"bug_slider","direct",75,"bare",16,"english"
"597",29,"fish_slider","full",50,"might",16,"english"
"598",29,"fish_slider","indirect",50,"might",16,"english"
"599",29,"fish_slider","report",50,"might",16,"english"
"600",29,"fish_slider","direct",50,"bare",16,"english"
"602",30,"flower_slider","direct",75,"might",9,"English"
"603",30,"flower_slider","report",75,"must",9,"English"
"604",30,"flower_slider","indirect",75,"bare",9,"English"
"605",30,"flower_slider","full",75,"might",9,"English"
"607",30,"bug_slider","indirect",25,"must",9,"English"
"608",30,"bug_slider","report",25,"must",9,"English"
"609",30,"bug_slider","direct",25,"might",9,"English"
"610",30,"bug_slider","full",25,"must",9,"English"
"612",30,"bird_slider","indirect",100,"must",9,"English"
"613",30,"bird_slider","direct",100,"must",9,"English"
"614",30,"bird_slider","full",100,"must",9,"English"
"615",30,"bird_slider","report",100,"bare",9,"English"
"617",30,"fish_slider","report",50,"bare",9,"English"
"618",30,"fish_slider","direct",50,"might",9,"English"
"619",30,"fish_slider","full",50,"might",9,"English"
"620",30,"fish_slider","indirect",50,"must",9,"English"
"622",31,"bird_slider","indirect",100,"might",16,"English"
"623",31,"bird_slider","report",100,"might",16,"English"
"624",31,"bird_slider","full",100,"must",16,"English"
"625",31,"bird_slider","direct",100,"bare",16,"English"
"627",31,"flower_slider","direct",75,"bare",16,"English"
"628",31,"flower_slider","indirect",75,"might",16,"English"
"629",31,"flower_slider","report",75,"might",16,"English"
"630",31,"flower_slider","full",75,"must",16,"English"
"632",31,"bug_slider","indirect",50,"might",16,"English"
"633",31,"bug_slider","full",50,"must",16,"English"
"634",31,"bug_slider","report",50,"might",16,"English"
"635",31,"bug_slider","direct",50,"must",16,"English"
"637",31,"fish_slider","direct",25,"must",16,"English"
"638",31,"fish_slider","indirect",25,"might",16,"English"
"639",31,"fish_slider","report",25,"might",16,"English"
"640",31,"fish_slider","full",25,"might",16,"English"
"642",32,"bug_slider","report",100,"bare",15,"English"
"643",32,"bug_slider","full",100,"bare",15,"English"
"644",32,"bug_slider","indirect",100,"bare",15,"English"
"645",32,"bug_slider","direct",100,"bare",15,"English"
"647",32,"bird_slider","full",50,"bare",15,"English"
"648",32,"bird_slider","direct",50,"bare",15,"English"
"649",32,"bird_slider","indirect",50,"might",15,"English"
"650",32,"bird_slider","report",50,"bare",15,"English"
"652",32,"fish_slider","direct",25,"bare",15,"English"
"653",32,"fish_slider","report",25,"bare",15,"English"
"654",32,"fish_slider","full",25,"might",15,"English"
"655",32,"fish_slider","indirect",25,"might",15,"English"
"657",32,"flower_slider","indirect",75,"might",15,"English"
"658",32,"flower_slider","full",75,"bare",15,"English"
"659",32,"flower_slider","direct",75,"bare",15,"English"
"660",32,"flower_slider","report",75,"bare",15,"English"
"662",33,"bird_slider","full",100,"bare",14,"english"
"663",33,"bird_slider","indirect",100,"might",14,"english"
"664",33,"bird_slider","report",100,"might",14,"english"
"665",33,"bird_slider","direct",100,"bare",14,"english"
"667",33,"flower_slider","full",75,"bare",14,"english"
"668",33,"flower_slider","direct",75,"bare",14,"english"
"669",33,"flower_slider","indirect",75,"might",14,"english"
"670",33,"flower_slider","report",75,"might",14,"english"
"672",33,"fish_slider","direct",25,"bare",14,"english"
"673",33,"fish_slider","indirect",25,"might",14,"english"
"674",33,"fish_slider","full",25,"bare",14,"english"
"675",33,"fish_slider","report",25,"might",14,"english"
"677",33,"bug_slider","indirect",50,"might",14,"english"
"678",33,"bug_slider","report",50,"might",14,"english"
"679",33,"bug_slider","full",50,"bare",14,"english"
"680",33,"bug_slider","direct",50,"bare",14,"english"
"682",34,"fish_slider","report",100,"might",14,"English"
"683",34,"fish_slider","direct",100,"bare",14,"English"
"684",34,"fish_slider","indirect",100,"bare",14,"English"
"685",34,"fish_slider","full",100,"bare",14,"English"
"687",34,"bird_slider","direct",75,"bare",14,"English"
"688",34,"bird_slider","full",75,"bare",14,"English"
"689",34,"bird_slider","report",75,"might",14,"English"
"690",34,"bird_slider","indirect",75,"might",14,"English"
"692",34,"bug_slider","direct",50,"must",14,"English"
"693",34,"bug_slider","indirect",50,"must",14,"English"
"694",34,"bug_slider","full",50,"bare",14,"English"
"695",34,"bug_slider","report",50,"might",14,"English"
"697",34,"flower_slider","report",25,"might",14,"English"
"698",34,"flower_slider","indirect",25,"might",14,"English"
"699",34,"flower_slider","direct",25,"bare",14,"English"
"700",34,"flower_slider","full",25,"bare",14,"English"
"702",35,"bug_slider","report",75,"might",16,"English"
"703",35,"bug_slider","full",75,"bare",16,"English"
"704",35,"bug_slider","direct",75,"might",16,"English"
"705",35,"bug_slider","indirect",75,"bare",16,"English"
"707",35,"bird_slider","indirect",100,"bare",16,"English"
"708",35,"bird_slider","report",100,"might",16,"English"
"709",35,"bird_slider","full",100,"must",16,"English"
"710",35,"bird_slider","direct",100,"might",16,"English"
"712",35,"flower_slider","report",25,"might",16,"English"
"713",35,"flower_slider","full",25,"must",16,"English"
"714",35,"flower_slider","indirect",25,"might",16,"English"
"715",35,"flower_slider","direct",25,"must",16,"English"
"717",35,"fish_slider","full",50,"must",16,"English"
"718",35,"fish_slider","indirect",50,"might",16,"English"
"719",35,"fish_slider","direct",50,"might",16,"English"
"720",35,"fish_slider","report",50,"might",16,"English"
"722",36,"bird_slider","indirect",75,"might",15,"english"
"723",36,"bird_slider","full",75,"might",15,"english"
"724",36,"bird_slider","report",75,"might",15,"english"
"725",36,"bird_slider","direct",75,"might",15,"english"
"727",36,"flower_slider","report",25,"might",15,"english"
"728",36,"flower_slider","indirect",25,"might",15,"english"
"729",36,"flower_slider","direct",25,"might",15,"english"
"730",36,"flower_slider","full",25,"might",15,"english"
"732",36,"bug_slider","indirect",50,"might",15,"english"
"733",36,"bug_slider","direct",50,"might",15,"english"
"734",36,"bug_slider","full",50,"might",15,"english"
"735",36,"bug_slider","report",50,"might",15,"english"
"737",36,"fish_slider","indirect",100,"bare",15,"english"
"738",36,"fish_slider","full",100,"bare",15,"english"
"739",36,"fish_slider","report",100,"might",15,"english"
"740",36,"fish_slider","direct",100,"might",15,"english"
"742",37,"fish_slider","full",100,"bare",16,"ENGLISH"
"743",37,"fish_slider","indirect",100,"might",16,"ENGLISH"
"744",37,"fish_slider","direct",100,"bare",16,"ENGLISH"
"745",37,"fish_slider","report",100,"might",16,"ENGLISH"
"747",37,"flower_slider","direct",25,"bare",16,"ENGLISH"
"748",37,"flower_slider","full",25,"bare",16,"ENGLISH"
"749",37,"flower_slider","report",25,"might",16,"ENGLISH"
"750",37,"flower_slider","indirect",25,"might",16,"ENGLISH"
"752",37,"bird_slider","full",50,"bare",16,"ENGLISH"
"753",37,"bird_slider","direct",50,"might",16,"ENGLISH"
"754",37,"bird_slider","indirect",50,"must",16,"ENGLISH"
"755",37,"bird_slider","report",50,"might",16,"ENGLISH"
"757",37,"bug_slider","indirect",75,"might",16,"ENGLISH"
"758",37,"bug_slider","report",75,"might",16,"ENGLISH"
"759",37,"bug_slider","direct",75,"bare",16,"ENGLISH"
"760",37,"bug_slider","full",75,"bare",16,"ENGLISH"
"762",38,"bird_slider","full",75,"must",15,"English"
"763",38,"bird_slider","indirect",75,"might",15,"English"
"764",38,"bird_slider","direct",75,"must",15,"English"
"765",38,"bird_slider","report",75,"might",15,"English"
"767",38,"flower_slider","report",100,"might",15,"English"
"768",38,"flower_slider","direct",100,"must",15,"English"
"769",38,"flower_slider","full",100,"must",15,"English"
"770",38,"flower_slider","indirect",100,"might",15,"English"
"772",38,"fish_slider","report",25,"might",15,"English"
"773",38,"fish_slider","direct",25,"might",15,"English"
"774",38,"fish_slider","indirect",25,"might",15,"English"
"775",38,"fish_slider","full",25,"might",15,"English"
"777",38,"bug_slider","full",50,"must",15,"English"
"778",38,"bug_slider","indirect",50,"might",15,"English"
"779",38,"bug_slider","report",50,"might",15,"English"
"780",38,"bug_slider","direct",50,"must",15,"English"
"782",39,"bug_slider","direct",25,"must",16,"English"
"783",39,"bug_slider","indirect",25,"might",16,"English"
"784",39,"bug_slider","report",25,"might",16,"English"
"785",39,"bug_slider","full",25,"must",16,"English"
"787",39,"fish_slider","full",50,"might",16,"English"
"788",39,"fish_slider","report",50,"might",16,"English"
"789",39,"fish_slider","direct",50,"must",16,"English"
"790",39,"fish_slider","indirect",50,"might",16,"English"
"792",39,"bird_slider","indirect",75,"might",16,"English"
"793",39,"bird_slider","full",75,"must",16,"English"
"794",39,"bird_slider","report",75,"might",16,"English"
"795",39,"bird_slider","direct",75,"must",16,"English"
"797",39,"flower_slider","report",100,"might",16,"English"
"798",39,"flower_slider","full",100,"must",16,"English"
"799",39,"flower_slider","indirect",100,"might",16,"English"
"800",39,"flower_slider","direct",100,"must",16,"English"
"802",40,"flower_slider","report",50,"might",15,"TAMIL"
"803",40,"flower_slider","direct",50,"might",15,"TAMIL"
"804",40,"flower_slider","full",50,"bare",15,"TAMIL"
"805",40,"flower_slider","indirect",50,"might",15,"TAMIL"
"807",40,"bug_slider","report",100,"might",15,"TAMIL"
"808",40,"bug_slider","indirect",100,"might",15,"TAMIL"
"809",40,"bug_slider","direct",100,"bare",15,"TAMIL"
"810",40,"bug_slider","full",100,"bare",15,"TAMIL"
"812",40,"bird_slider","indirect",75,"might",15,"TAMIL"
"813",40,"bird_slider","report",75,"might",15,"TAMIL"
"814",40,"bird_slider","direct",75,"bare",15,"TAMIL"
"815",40,"bird_slider","full",75,"might",15,"TAMIL"
"817",40,"fish_slider","indirect",25,"might",15,"TAMIL"
"818",40,"fish_slider","full",25,"might",15,"TAMIL"
"819",40,"fish_slider","direct",25,"must",15,"TAMIL"
"820",40,"fish_slider","report",25,"might",15,"TAMIL"
"822",41,"flower_slider","direct",75,"must",16,"English"
"823",41,"flower_slider","report",75,"might",16,"English"
"824",41,"flower_slider","full",75,"bare",16,"English"
"825",41,"flower_slider","indirect",75,"might",16,"English"
"827",41,"bird_slider","indirect",50,"might",16,"English"
"828",41,"bird_slider","report",50,"might",16,"English"
"829",41,"bird_slider","direct",50,"might",16,"English"
"830",41,"bird_slider","full",50,"bare",16,"English"
"832",41,"bug_slider","indirect",25,"might",16,"English"
"833",41,"bug_slider","report",25,"might",16,"English"
"834",41,"bug_slider","direct",25,"must",16,"English"
"835",41,"bug_slider","full",25,"bare",16,"English"
"837",41,"fish_slider","indirect",100,"might",16,"English"
"838",41,"fish_slider","direct",100,"must",16,"English"
"839",41,"fish_slider","full",100,"bare",16,"English"
"840",41,"fish_slider","report",100,"might",16,"English"
"842",42,"bug_slider","indirect",75,"might",16,"English"
"843",42,"bug_slider","full",75,"bare",16,"English"
"844",42,"bug_slider","report",75,"must",16,"English"
"845",42,"bug_slider","direct",75,"might",16,"English"
"847",42,"bird_slider","full",50,"bare",16,"English"
"848",42,"bird_slider","indirect",50,"might",16,"English"
"849",42,"bird_slider","direct",50,"bare",16,"English"
"850",42,"bird_slider","report",50,"bare",16,"English"
"852",42,"fish_slider","full",25,"bare",16,"English"
"853",42,"fish_slider","indirect",25,"might",16,"English"
"854",42,"fish_slider","direct",25,"bare",16,"English"
"855",42,"fish_slider","report",25,"bare",16,"English"
"857",42,"flower_slider","direct",100,"bare",16,"English"
"858",42,"flower_slider","indirect",100,"must",16,"English"
"859",42,"flower_slider","full",100,"bare",16,"English"
"860",42,"flower_slider","report",100,"bare",16,"English"
"862",43,"bird_slider","report",75,"must",15,"English"
"863",43,"bird_slider","direct",75,"bare",15,"English"
"864",43,"bird_slider","full",75,"must",15,"English"
"865",43,"bird_slider","indirect",75,"might",15,"English"
"867",43,"bug_slider","full",100,"might",15,"English"
"868",43,"bug_slider","report",100,"bare",15,"English"
"869",43,"bug_slider","direct",100,"might",15,"English"
"870",43,"bug_slider","indirect",100,"might",15,"English"
"872",43,"fish_slider","full",25,"must",15,"English"
"873",43,"fish_slider","direct",25,"might",15,"English"
"874",43,"fish_slider","indirect",25,"bare",15,"English"
"875",43,"fish_slider","report",25,"might",15,"English"
"877",43,"flower_slider","full",50,"might",15,"English"
"878",43,"flower_slider","indirect",50,"must",15,"English"
"879",43,"flower_slider","report",50,"must",15,"English"
"880",43,"flower_slider","direct",50,"bare",15,"English"
"882",44,"bug_slider","report",100,"might",15,"spanish"
"883",44,"bug_slider","direct",100,"bare",15,"spanish"
"884",44,"bug_slider","indirect",100,"might",15,"spanish"
"885",44,"bug_slider","full",100,"bare",15,"spanish"
"887",44,"fish_slider","report",75,"might",15,"spanish"
"888",44,"fish_slider","indirect",75,"might",15,"spanish"
"889",44,"fish_slider","direct",75,"bare",15,"spanish"
"890",44,"fish_slider","full",75,"bare",15,"spanish"
"892",44,"bird_slider","report",50,"might",15,"spanish"
"893",44,"bird_slider","full",50,"bare",15,"spanish"
"894",44,"bird_slider","direct",50,"bare",15,"spanish"
"895",44,"bird_slider","indirect",50,"might",15,"spanish"
"897",44,"flower_slider","indirect",25,"might",15,"spanish"
"898",44,"flower_slider","direct",25,"bare",15,"spanish"
"899",44,"flower_slider","report",25,"might",15,"spanish"
"900",44,"flower_slider","full",25,"bare",15,"spanish"
"902",45,"bird_slider","full",75,"bare",15,"english"
"903",45,"bird_slider","indirect",75,"might",15,"english"
"904",45,"bird_slider","direct",75,"must",15,"english"
"905",45,"bird_slider","report",75,"might",15,"english"
"907",45,"fish_slider","report",50,"might",15,"english"
"908",45,"fish_slider","indirect",50,"might",15,"english"
"909",45,"fish_slider","full",50,"might",15,"english"
"910",45,"fish_slider","direct",50,"must",15,"english"
"912",45,"flower_slider","report",100,"must",15,"english"
"913",45,"flower_slider","direct",100,"must",15,"english"
"914",45,"flower_slider","full",100,"must",15,"english"
"915",45,"flower_slider","indirect",100,"might",15,"english"
"917",45,"bug_slider","full",25,"bare",15,"english"
"918",45,"bug_slider","direct",25,"bare",15,"english"
"919",45,"bug_slider","report",25,"might",15,"english"
"920",45,"bug_slider","indirect",25,"might",15,"english"
"922",46,"bird_slider","full",100,"bare",15,"English"
"923",46,"bird_slider","report",100,"bare",15,"English"
"924",46,"bird_slider","direct",100,"must",15,"English"
"925",46,"bird_slider","indirect",100,"might",15,"English"
"927",46,"fish_slider","indirect",50,"might",15,"English"
"928",46,"fish_slider","report",50,"bare",15,"English"
"929",46,"fish_slider","full",50,"bare",15,"English"
"930",46,"fish_slider","direct",50,"bare",15,"English"
"932",46,"flower_slider","full",25,"bare",15,"English"
"933",46,"flower_slider","indirect",25,"might",15,"English"
"934",46,"flower_slider","direct",25,"bare",15,"English"
"935",46,"flower_slider","report",25,"bare",15,"English"
"937",46,"bug_slider","report",75,"bare",15,"English"
"938",46,"bug_slider","full",75,"bare",15,"English"
"939",46,"bug_slider","indirect",75,"might",15,"English"
"940",46,"bug_slider","direct",75,"must",15,"English"
"942",47,"fish_slider","indirect",100,"might",16,"English"
"943",47,"fish_slider","direct",100,"must",16,"English"
"944",47,"fish_slider","report",100,"might",16,"English"
"945",47,"fish_slider","full",100,"might",16,"English"
"947",47,"bug_slider","report",25,"might",16,"English"
"948",47,"bug_slider","indirect",25,"might",16,"English"
"949",47,"bug_slider","full",25,"must",16,"English"
"950",47,"bug_slider","direct",25,"might",16,"English"
"952",47,"bird_slider","direct",75,"might",16,"English"
"953",47,"bird_slider","full",75,"bare",16,"English"
"954",47,"bird_slider","indirect",75,"might",16,"English"
"955",47,"bird_slider","report",75,"might",16,"English"
"957",47,"flower_slider","report",50,"might",16,"English"
"958",47,"flower_slider","direct",50,"might",16,"English"
"959",47,"flower_slider","full",50,"bare",16,"English"
"960",47,"flower_slider","indirect",50,"might",16,"English"
"962",48,"bug_slider","indirect",25,"might",16,"English"
"963",48,"bug_slider","full",25,"bare",16,"English"
"964",48,"bug_slider","direct",25,"bare",16,"English"
"965",48,"bug_slider","report",25,"might",16,"English"
"967",48,"fish_slider","direct",100,"bare",16,"English"
"968",48,"fish_slider","report",100,"might",16,"English"
"969",48,"fish_slider","full",100,"bare",16,"English"
"970",48,"fish_slider","indirect",100,"might",16,"English"
"972",48,"flower_slider","report",75,"might",16,"English"
"973",48,"flower_slider","full",75,"bare",16,"English"
"974",48,"flower_slider","direct",75,"bare",16,"English"
"975",48,"flower_slider","indirect",75,"might",16,"English"
"977",48,"bird_slider","report",50,"might",16,"English"
"978",48,"bird_slider","indirect",50,"might",16,"English"
"979",48,"bird_slider","direct",50,"bare",16,"English"
"980",48,"bird_slider","full",50,"bare",16,"English"
"982",49,"bird_slider","report",100,"might",15,"English"
"983",49,"bird_slider","direct",100,"might",15,"English"
"984",49,"bird_slider","full",100,"bare",15,"English"
"985",49,"bird_slider","indirect",100,"might",15,"English"
"987",49,"flower_slider","direct",50,"bare",15,"English"
"988",49,"flower_slider","full",50,"must",15,"English"
"989",49,"flower_slider","indirect",50,"might",15,"English"
"990",49,"flower_slider","report",50,"might",15,"English"
"992",49,"bug_slider","report",25,"might",15,"English"
"993",49,"bug_slider","indirect",25,"might",15,"English"
"994",49,"bug_slider","full",25,"must",15,"English"
"995",49,"bug_slider","direct",25,"bare",15,"English"
"997",49,"fish_slider","report",75,"bare",15,"English"
"998",49,"fish_slider","full",75,"might",15,"English"
"999",49,"fish_slider","indirect",75,"might",15,"English"
"1000",49,"fish_slider","direct",75,"must",15,"English"
